City,Date,Temperature,Humidity,WindSpeed,Condition
İzmir,2025-01-01,12,78,15,Cloudy
İzmir,2025-01-02,14,82,10,Rainy
İzmir,2025-01-03,11,85,8,Snowy
İzmir,2025-01-04,13,75,12,Cloudy
İzmir,2025-01-05,15,70,18,Partly Cloudy
İzmir,2025-01-06,10,88,5,Snowy
İzmir,2025-01-07,12,80,11,Rainy
İzmir,2025-01-08,16,65,16,Sunny
İzmir,2025-01-09,14,72,9,Cloudy
İzmir,2025-01-10,11,86,7,Snowy
İzmir,2025-01-11,13,79,13,Rainy
İzmir,2025-01-12,17,68,17,Partly Cloudy
İzmir,2025-01-13,15,73,10,Cloudy
İzmir,2025-01-14,12,81,8,Rainy
İzmir,2025-01-15,16,70,14,Sunny
İzmir,2025-01-16,14,76,11,Cloudy
İzmir,2025-01-17,11,83,9,Rainy
İzmir,2025-01-18,15,71,15,Partly Cloudy
İzmir,2025-01-19,13,77,12,Cloudy
İzmir,2025-01-20,10,85,7,Snowy
İzmir,2025-01-21,12,80,10,Rainy
İzmir,2025-01-22,16,67,16,Sunny
İzmir,2025-01-23,14,73,11,Cloudy
İzmir,2025-01-24,11,81,9,Rainy
İzmir,2025-01-25,15,70,14,Partly Cloudy
İzmir,2025-01-26,13,77,12,Cloudy
İzmir,2025-01-27,10,85,7,Snowy
İzmir,2025-01-28,12,80,10,Rainy
İzmir,2025-01-29,16,67,16,Sunny
İzmir,2025-01-30,14,73,11,Cloudy
İzmir,2025-01-31,11,81,9,Rainy
İzmir,2025-02-01,13,76,12,Partly Cloudy
İzmir,2025-02-02,15,70,15,Sunny
İzmir,2025-02-03,12,79,10,Cloudy
İzmir,2025-02-04,10,84,8,Rainy
İzmir,2025-02-05,14,72,14,Partly Cloudy
İzmir,2025-02-06,16,68,17,Sunny
İzmir,2025-02-07,13,75,11,Cloudy
İzmir,2025-02-08,11,81,9,Rainy
İzmir,2025-02-09,15,70,15,Partly Cloudy
İzmir,2025-02-10,17,66,18,Sunny
İzmir,2025-02-11,14,73,12,Cloudy
İzmir,2025-02-12,12,79,10,Rainy
İzmir,2025-02-13,16,69,16,Partly Cloudy
İzmir,2025-02-14,18,64,19,Sunny
İzmir,2025-02-15,15,72,13,Cloudy
İzmir,2025-02-16,13,78,11,Rainy
İzmir,2025-02-17,17,67,17,Partly Cloudy
İzmir,2025-02-18,19,62,20,Sunny
İzmir,2025-02-19,16,70,14,Cloudy
İzmir,2025-02-20,14,76,12,Rainy
İzmir,2025-02-21,18,65,18,Partly Cloudy
İzmir,2025-02-22,20,60,22,Sunny
İzmir,2025-02-23,17,68,15,Cloudy
İzmir,2025-02-24,15,74,13,Rainy
İzmir,2025-02-25,19,63,19,Partly Cloudy
İzmir,2025-02-26,21,58,25,Sunny
İzmir,2025-02-27,18,66,16,Cloudy
İzmir,2025-02-28,16,72,14,Rainy
İzmir,2025-03-01,18,68,17,Partly Cloudy
İzmir,2025-03-02,20,62,20,Sunny
İzmir,2025-03-03,17,70,15,Cloudy
İzmir,2025-03-04,15,76,13,Rainy
İzmir,2025-03-05,19,65,19,Partly Cloudy
İzmir,2025-03-06,21,60,23,Sunny
İzmir,2025-03-07,18,68,16,Cloudy
İzmir,2025-03-08,16,74,14,Rainy
İzmir,2025-03-09,20,63,20,Partly Cloudy
İzmir,2025-03-10,22,58,26,Sunny
İzmir,2025-03-11,19,66,17,Cloudy
İzmir,2025-03-12,17,72,15,Rainy
İzmir,2025-03-13,21,61,21,Partly Cloudy
İzmir,2025-03-14,23,56,28,Sunny
İzmir,2025-03-15,20,64,18,Cloudy
İzmir,2025-03-16,18,70,16,Rainy
İzmir,2025-03-17,22,59,22,Partly Cloudy
İzmir,2025-03-18,24,54,30,Sunny
İzmir,2025-03-19,21,62,19,Cloudy
İzmir,2025-03-20,19,68,17,Rainy
İzmir,2025-03-21,23,57,23,Partly Cloudy
İzmir,2025-03-22,25,52,32,Sunny
İzmir,2025-03-23,22,60,20,Cloudy
İzmir,2025-03-24,20,66,18,Rainy
İzmir,2025-03-25,24,55,24,Partly Cloudy
İzmir,2025-03-26,26,50,34,Sunny
İzmir,2025-03-27,23,58,21,Cloudy
İzmir,2025-03-28,21,64,19,Rainy
İzmir,2025-03-29,25,53,25,Partly Cloudy
İzmir,2025-03-30,27,48,36,Sunny
İzmir,2025-03-31,24,56,22,Cloudy
İzmir,2025-04-01,22,62,20,Partly Cloudy
İzmir,2025-04-02,24,58,23,Sunny
İzmir,2025-04-03,21,65,19,Cloudy
İzmir,2025-04-04,19,71,17,Rainy
İzmir,2025-04-05,23,60,21,Partly Cloudy
İzmir,2025-04-06,25,55,28,Sunny
İzmir,2025-04-07,22,63,20,Cloudy
İzmir,2025-04-08,20,69,18,Rainy
İzmir,2025-04-09,24,58,22,Partly Cloudy
İzmir,2025-04-10,26,53,30,Sunny
İzmir,2025-04-11,23,61,21,Cloudy
İzmir,2025-04-12,21,67,19,Rainy
İzmir,2025-04-13,25,56,23,Partly Cloudy
İzmir,2025-04-14,27,51,32,Sunny
İzmir,2025-04-15,24,59,22,Cloudy
İzmir,2025-04-16,22,65,20,Rainy
İzmir,2025-04-17,26,54,24,Partly Cloudy
İzmir,2025-04-18,28,49,34,Sunny
İzmir,2025-04-19,25,57,23,Cloudy
İzmir,2025-04-20,23,63,21,Rainy
İzmir,2025-04-21,27,52,25,Partly Cloudy
İzmir,2025-04-22,29,47,36,Sunny
İzmir,2025-04-23,26,55,24,Cloudy
İzmir,2025-04-24,24,61,22,Rainy
İzmir,2025-04-25,28,50,26,Partly Cloudy
İzmir,2025-04-26,30,45,38,Sunny
İzmir,2025-04-27,27,53,25,Cloudy
İzmir,2025-04-28,25,59,23,Rainy
İzmir,2025-04-29,29,48,27,Partly Cloudy
İzmir,2025-04-30,31,43,40,Sunny
İzmir,2025-05-01,28,51,26,Cloudy
İzmir,2025-05-02,26,57,24,Partly Cloudy
İzmir,2025-05-03,30,46,28,Sunny
İzmir,2025-05-04,27,54,25,Cloudy
İzmir,2025-05-05,25,60,23,Partly Cloudy
İzmir,2025-05-06,29,49,27,Sunny
İzmir,2025-05-07,26,56,24,Cloudy
İzmir,2025-05-08,24,62,22,Partly Cloudy
İzmir,2025-05-09,28,51,26,Sunny
İzmir,2025-05-10,29,48,28,Partly Cloudy
İzmir,2025-05-11,27,53,25,Cloudy
İzmir,2025-05-12,25,59,23,Partly Cloudy
İzmir,2025-05-13,29,48,27,Sunny
İzmir,2025-05-14,30,45,29,Partly Cloudy
İzmir,2025-05-15,28,51,26,Cloudy
İzmir,2025-05-16,26,57,24,Partly Cloudy
İzmir,2025-05-17,30,46,28,Sunny
İzmir,2025-05-18,31,43,30,Partly Cloudy
İzmir,2025-05-19,29,49,27,Cloudy
İzmir,2025-05-20,27,55,25,Partly Cloudy
İzmir,2025-05-21,31,44,29,Sunny
İzmir,2025-05-22,32,41,31,Partly Cloudy
İzmir,2025-05-23,30,47,28,Cloudy
İzmir,2025-05-24,28,53,26,Partly Cloudy
İzmir,2025-05-25,32,42,30,Sunny
İzmir,2025-05-26,33,39,32,Partly Cloudy
İzmir,2025-05-27,31,45,29,Cloudy
İzmir,2025-05-28,29,51,27,Partly Cloudy
İzmir,2025-05-29,33,40,31,Sunny
İzmir,2025-05-30,34,37,33,Partly Cloudy
İzmir,2025-05-31,32,35,28,Sunny
İstanbul,2025-01-01,6,85,10,Rainy
İstanbul,2025-01-02,8,80,12,Cloudy
İstanbul,2025-01-03,4,90,7,Snowy
İstanbul,2025-01-04,7,82,11,Rainy
İstanbul,2025-01-05,9,78,16,Partly Cloudy
İstanbul,2025-01-06,3,92,5,Snowy
İstanbul,2025-01-07,6,88,9,Rainy
İstanbul,2025-01-08,11,70,14,Sunny
İstanbul,2025-01-09,8,75,8,Cloudy
İstanbul,2025-01-10,5,89,6,Snowy
İstanbul,2025-01-11,7,83,10,Rainy
İstanbul,2025-01-12,10,76,15,Partly Cloudy
İstanbul,2025-01-13,8,81,9,Cloudy
İstanbul,2025-01-14,5,87,7,Snowy
İstanbul,2025-01-15,11,72,13,Sunny
İstanbul,2025-01-16,9,78,11,Cloudy
İstanbul,2025-01-17,6,85,8,Rainy
İstanbul,2025-01-18,10,74,14,Partly Cloudy
İstanbul,2025-01-19,8,80,10,Cloudy
İstanbul,2025-01-20,4,91,6,Snowy
İstanbul,2025-01-21,7,86,9,Rainy
İstanbul,2025-01-22,12,70,15,Sunny
İstanbul,2025-01-23,9,76,11,Cloudy
İstanbul,2025-01-24,6,83,8,Rainy
İstanbul,2025-01-25,10,73,14,Partly Cloudy
İstanbul,2025-01-26,8,79,10,Cloudy
İstanbul,2025-01-27,4,90,6,Snowy
İstanbul,2025-01-28,7,85,9,Rainy
İstanbul,2025-01-29,12,70,15,Sunny
İstanbul,2025-01-30,9,76,11,Cloudy
İstanbul,2025-01-31,6,83,8,Rainy
İstanbul,2025-02-01,8,77,12,Partly Cloudy
İstanbul,2025-02-02,10,72,14,Sunny
İstanbul,2025-02-03,7,80,10,Cloudy
İstanbul,2025-02-04,5,86,8,Snowy
İstanbul,2025-02-05,9,74,13,Partly Cloudy
İstanbul,2025-02-06,11,70,16,Sunny
İstanbul,2025-02-07,8,78,11,Cloudy
İstanbul,2025-02-08,6,84,9,Rainy
İstanbul,2025-02-09,10,73,15,Partly Cloudy
İstanbul,2025-02-10,12,68,17,Sunny
İstanbul,2025-02-11,9,76,12,Cloudy
İstanbul,2025-02-12,7,82,10,Rainy
İstanbul,2025-02-13,11,71,16,Partly Cloudy
İstanbul,2025-02-14,13,66,18,Sunny
İstanbul,2025-02-15,10,74,13,Cloudy
İstanbul,2025-02-16,8,80,11,Rainy
İstanbul,2025-02-17,12,69,17,Partly Cloudy
İstanbul,2025-02-18,14,64,19,Sunny
İstanbul,2025-02-19,11,72,14,Cloudy
İstanbul,2025-02-20,9,78,12,Rainy
İstanbul,2025-02-21,13,67,18,Partly Cloudy
İstanbul,2025-02-22,15,62,20,Sunny
İstanbul,2025-02-23,12,70,15,Cloudy
İstanbul,2025-02-24,10,76,13,Rainy
İstanbul,2025-02-25,14,65,19,Partly Cloudy
İstanbul,2025-02-26,16,60,22,Sunny
İstanbul,2025-02-27,13,68,16,Cloudy
İstanbul,2025-02-28,11,74,14,Rainy
İstanbul,2025-03-01,13,70,17,Partly Cloudy
İstanbul,2025-03-02,15,64,20,Sunny
İstanbul,2025-03-03,12,72,15,Cloudy
İstanbul,2025-03-04,10,78,13,Rainy
İstanbul,2025-03-05,14,67,19,Partly Cloudy
İstanbul,2025-03-06,16,62,23,Sunny
İstanbul,2025-03-07,13,70,16,Cloudy
İstanbul,2025-03-08,11,76,14,Rainy
İstanbul,2025-03-09,15,65,20,Partly Cloudy
İstanbul,2025-03-10,17,60,26,Sunny
İstanbul,2025-03-11,14,68,17,Cloudy
İstanbul,2025-03-12,12,74,15,Rainy
İstanbul,2025-03-13,16,63,21,Partly Cloudy
İstanbul,2025-03-14,18,58,28,Sunny
İstanbul,2025-03-15,15,66,18,Cloudy
İstanbul,2025-03-16,13,72,16,Rainy
İstanbul,2025-03-17,17,61,22,Partly Cloudy
İstanbul,2025-03-18,19,56,30,Sunny
İstanbul,2025-03-19,16,64,19,Cloudy
İstanbul,2025-03-20,14,70,17,Rainy
İstanbul,2025-03-21,18,59,23,Partly Cloudy
İstanbul,2025-03-22,20,54,32,Sunny
İstanbul,2025-03-23,17,62,20,Cloudy
İstanbul,2025-03-24,15,68,18,Rainy
İstanbul,2025-03-25,19,57,24,Partly Cloudy
İstanbul,2025-03-26,21,52,34,Sunny
İstanbul,2025-03-27,18,60,21,Cloudy
İstanbul,2025-03-28,16,66,19,Rainy
İstanbul,2025-03-29,20,55,25,Partly Cloudy
İstanbul,2025-03-30,22,50,36,Sunny
İstanbul,2025-03-31,19,58,22,Cloudy
İstanbul,2025-04-01,17,64,20,Partly Cloudy
İstanbul,2025-04-02,19,60,23,Sunny
İstanbul,2025-04-03,16,67,19,Cloudy
İstanbul,2025-04-04,14,73,17,Rainy
İstanbul,2025-04-05,18,62,21,Partly Cloudy
İstanbul,2025-04-06,20,57,28,Sunny
İstanbul,2025-04-07,17,65,20,Cloudy
İstanbul,2025-04-08,15,71,18,Rainy
İstanbul,2025-04-09,19,60,22,Partly Cloudy
İstanbul,2025-04-10,21,55,30,Sunny
İstanbul,2025-04-11,18,63,21,Cloudy
İstanbul,2025-04-12,16,69,19,Rainy
İstanbul,2025-04-13,20,58,23,Partly Cloudy
İstanbul,2025-04-14,22,53,32,Sunny
İstanbul,2025-04-15,19,61,22,Cloudy
İstanbul,2025-04-16,17,67,20,Rainy
İstanbul,2025-04-17,21,56,24,Partly Cloudy
İstanbul,2025-04-18,23,51,34,Sunny
İstanbul,2025-04-19,20,59,23,Cloudy
İstanbul,2025-04-20,18,65,21,Rainy
İstanbul,2025-04-21,22,54,25,Partly Cloudy
İstanbul,2025-04-22,24,49,36,Sunny
İstanbul,2025-04-23,21,57,24,Cloudy
İstanbul,2025-04-24,19,63,22,Rainy
İstanbul,2025-04-25,23,52,26,Partly Cloudy
İstanbul,2025-04-26,25,47,38,Sunny
İstanbul,2025-04-27,22,55,25,Cloudy
İstanbul,2025-04-28,20,61,23,Rainy
İstanbul,2025-04-29,24,50,27,Partly Cloudy
İstanbul,2025-04-30,26,45,40,Sunny
İstanbul,2025-05-01,23,53,26,Cloudy
İstanbul,2025-05-02,21,59,24,Partly Cloudy
İstanbul,2025-05-03,25,48,28,Sunny
İstanbul,2025-05-04,22,56,25,Cloudy
İstanbul,2025-05-05,20,62,23,Partly Cloudy
İstanbul,2025-05-06,24,51,27,Sunny
İstanbul,2025-05-07,21,58,24,Cloudy
İstanbul,2025-05-08,19,64,22,Partly Cloudy
İstanbul,2025-05-09,23,53,26,Sunny
İstanbul,2025-05-10,24,50,28,Partly Cloudy
İstanbul,2025-05-11,22,55,25,Cloudy
İstanbul,2025-05-12,20,61,23,Partly Cloudy
İstanbul,2025-05-13,24,50,27,Sunny
İstanbul,2025-05-14,25,47,29,Partly Cloudy
İstanbul,2025-05-15,23,53,26,Cloudy
İstanbul,2025-05-16,21,59,24,Partly Cloudy
İstanbul,2025-05-17,25,48,28,Sunny
İstanbul,2025-05-18,26,45,30,Partly Cloudy
İstanbul,2025-05-19,24,51,27,Cloudy
İstanbul,2025-05-20,22,57,25,Partly Cloudy
İstanbul,2025-05-21,26,46,29,Sunny
İstanbul,2025-05-22,27,43,31,Partly Cloudy
İstanbul,2025-05-23,25,49,28,Cloudy
İstanbul,2025-05-24,23,55,26,Partly Cloudy
İstanbul,2025-05-25,27,44,30,Sunny
İstanbul,2025-05-26,28,41,32,Partly Cloudy
İstanbul,2025-05-27,26,47,29,Cloudy
İstanbul,2025-05-28,24,53,27,Partly Cloudy
İstanbul,2025-05-29,28,42,31,Sunny
İstanbul,2025-05-30,29,39,33,Partly Cloudy
İstanbul,2025-05-31,27,45,30,Cloudy
Ankara,2025-01-01,-2,90,5,Snowy
Ankara,2025-01-02,-5,92,8,Heavy Snow
Ankara,2025-01-03,-3,88,12,Snowy
Ankara,2025-01-04,0,85,10,Cloudy
Ankara,2025-01-05,3,80,15,Partly Cloudy
Ankara,2025-01-06,-7,95,3,Heavy Snow
Ankara,2025-01-07,-1,91,7,Snowy
Ankara,2025-01-08,6,75,11,Sunny
Ankara,2025-01-09,2,82,9,Cloudy
Ankara,2025-01-10,-4,93,6,Snowy
Ankara,2025-01-11,1,87,8,Cloudy
Ankara,2025-01-12,5,80,13,Partly Cloudy
Ankara,2025-01-13,3,85,10,Cloudy
Ankara,2025-01-14,-2,90,7,Snowy
Ankara,2025-01-15,7,72,11,Sunny
Ankara,2025-01-16,4,80,9,Cloudy
Ankara,2025-01-17,-1,88,6,Snowy
Ankara,2025-01-18,6,75,12,Partly Cloudy
Ankara,2025-01-19,3,82,8,Cloudy
Ankara,2025-01-20,-3,91,5,Heavy Snow
Ankara,2025-01-21,0,88,7,Snowy
Ankara,2025-01-22,8,70,10,Sunny
Ankara,2025-01-23,5,78,8,Cloudy
Ankara,2025-01-24,-2,85,6,Snowy
Ankara,2025-01-25,7,73,11,Partly Cloudy
Ankara,2025-01-26,4,81,8,Cloudy
Ankara,2025-01-27,-4,90,5,Heavy Snow
Ankara,2025-01-28,0,87,7,Snowy
Ankara,2025-01-29,9,68,10,Sunny
Ankara,2025-01-30,6,76,8,Cloudy
Ankara,2025-01-31,-1,83,6,Snowy
Ankara,2025-02-01,2,79,10,Partly Cloudy
Ankara,2025-02-02,5,75,12,Sunny
Ankara,2025-02-03,1,82,8,Cloudy
Ankara,2025-02-04,-3,88,6,Snowy
Ankara,2025-02-05,4,77,11,Partly Cloudy
Ankara,2025-02-06,7,72,13,Sunny
Ankara,2025-02-07,3,80,9,Cloudy
Ankara,2025-02-08,-1,86,7,Snowy
Ankara,2025-02-09,6,74,12,Partly Cloudy
Ankara,2025-02-10,9,69,14,Sunny
Ankara,2025-02-11,5,77,10,Cloudy
Ankara,2025-02-12,1,83,8,Snowy
Ankara,2025-02-13,7,71,13,Partly Cloudy
Ankara,2025-02-14,10,66,15,Sunny
Ankara,2025-02-15,6,79,11,Cloudy
Ankara,2025-02-16,2,85,9,Snowy
Ankara,2025-02-17,8,73,14,Partly Cloudy
Ankara,2025-02-18,11,68,16,Sunny
Ankara,2025-02-19,7,76,12,Cloudy
Ankara,2025-02-20,3,82,10,Snowy
Ankara,2025-02-21,9,70,15,Partly Cloudy
Ankara,2025-02-22,12,65,17,Sunny
Ankara,2025-02-23,8,73,13,Cloudy
Ankara,2025-02-24,4,79,11,Snowy
Ankara,2025-02-25,10,68,16,Partly Cloudy
Ankara,2025-02-26,13,63,18,Sunny
Ankara,2025-02-27,9,71,14,Cloudy
Ankara,2025-02-28,5,77,12,Snowy
Ankara,2025-03-01,7,73,15,Partly Cloudy
Ankara,2025-03-02,10,68,17,Sunny
Ankara,2025-03-03,6,76,13,Cloudy
Ankara,2025-03-04,2,82,11,Snowy
Ankara,2025-03-05,8,71,16,Partly Cloudy
Ankara,2025-03-06,11,66,19,Sunny
Ankara,2025-03-07,7,74,14,Cloudy
Ankara,2025-03-08,3,80,12,Snowy
Ankara,2025-03-09,9,69,17,Partly Cloudy
Ankara,2025-03-10,12,64,20,Sunny
Ankara,2025-03-11,8,72,15,Cloudy
Ankara,2025-03-12,4,78,13,Snowy
Ankara,2025-03-13,10,67,18,Partly Cloudy
Ankara,2025-03-14,13,62,22,Sunny
Ankara,2025-03-15,9,70,16,Cloudy
Ankara,2025-03-16,5,76,14,Snowy
Ankara,2025-03-17,11,65,19,Partly Cloudy
Ankara,2025-03-18,14,60,24,Sunny
Ankara,2025-03-19,10,68,17,Cloudy
Ankara,2025-03-20,6,74,15,Snowy
Ankara,2025-03-21,12,63,20,Partly Cloudy
Ankara,2025-03-22,15,58,26,Sunny
Ankara,2025-03-23,11,66,18,Cloudy
Ankara,2025-03-24,7,72,16,Snowy
Ankara,2025-03-25,13,61,21,Partly Cloudy
Ankara,2025-03-26,16,56,28,Sunny
Ankara,2025-03-27,12,64,19,Cloudy
Ankara,2025-03-28,8,70,17,Snowy
Ankara,2025-03-29,14,59,23,Partly Cloudy
Ankara,2025-03-30,17,54,30,Sunny
Ankara,2025-03-31,13,62,21,Cloudy
Ankara,2025-04-01,11,68,19,Partly Cloudy
Ankara,2025-04-02,14,63,22,Sunny
Ankara,2025-04-03,10,71,17,Cloudy
Ankara,2025-04-04,6,77,15,Rainy
Ankara,2025-04-05,12,66,20,Partly Cloudy
Ankara,2025-04-06,15,61,26,Sunny
Ankara,2025-04-07,11,69,18,Cloudy
Ankara,2025-04-08,7,75,16,Rainy
Ankara,2025-04-09,13,64,21,Partly Cloudy
Ankara,2025-04-10,16,59,28,Sunny
Ankara,2025-04-11,12,67,19,Cloudy
Ankara,2025-04-12,8,73,17,Rainy
Ankara,2025-04-13,14,62,22,Partly Cloudy
Ankara,2025-04-14,17,57,30,Sunny
Ankara,2025-04-15,13,65,21,Cloudy
Ankara,2025-04-16,9,71,19,Rainy
Ankara,2025-04-17,15,60,24,Partly Cloudy
Ankara,2025-04-18,18,55,32,Sunny
Ankara,2025-04-19,14,63,23,Cloudy
Ankara,2025-04-20,10,69,21,Rainy
Ankara,2025-04-21,16,58,25,Partly Cloudy
Ankara,2025-04-22,19,53,34,Sunny
Ankara,2025-04-23,15,61,24,Cloudy
Ankara,2025-04-24,11,67,22,Rainy
Ankara,2025-04-25,17,56,26,Partly Cloudy
Ankara,2025-04-26,20,51,36,Sunny
Ankara,2025-04-27,16,59,25,Cloudy
Ankara,2025-04-28,12,65,23,Rainy
Ankara,2025-04-29,18,54,27,Partly Cloudy
Ankara,2025-04-30,21,49,38,Sunny
Ankara,2025-05-01,17,57,26,Cloudy
Ankara,2025-05-02,15,63,24,Partly Cloudy
Ankara,2025-05-03,19,52,28,Sunny
Ankara,2025-05-04,16,60,25,Cloudy
Ankara,2025-05-05,14,66,23,Partly Cloudy
Ankara,2025-05-06,18,55,27,Sunny
Ankara,2025-05-07,15,62,24,Cloudy
Ankara,2025-05-08,13,68,22,Partly Cloudy
Ankara,2025-05-09,17,57,26,Sunny
Ankara,2025-05-10,18,54,28,Partly Cloudy
Ankara,2025-05-11,16,60,25,Cloudy
Ankara,2025-05-12,14,66,23,Partly Cloudy
Ankara,2025-05-13,18,55,27,Sunny
Ankara,2025-05-14,19,52,29,Partly Cloudy
Ankara,2025-05-15,17,58,26,Cloudy
Ankara,2025-05-16,15,64,24,Partly Cloudy
Ankara,2025-05-17,19,53,28,Sunny
Ankara,2025-05-18,20,50,30,Partly Cloudy
Ankara,2025-05-19,18,56,27,Cloudy
Ankara,2025-05-20,16,62,25,Partly Cloudy
Ankara,2025-05-21,20,51,29,Sunny
Ankara,2025-05-22,21,48,31,Partly Cloudy
Ankara,2025-05-23,19,54,28,Cloudy
Ankara,2025-05-24,17,60,26,Partly Cloudy
Ankara,2025-05-25,21,49,30,Sunny
Ankara,2025-05-26,22,46,32,Partly Cloudy
Ankara,2025-05-27,20,52,29,Cloudy
Ankara,2025-05-28,18,58,27,Partly Cloudy
Ankara,2025-05-29,22,47,31,Sunny
Ankara,2025-05-30,23,44,33,Partly Cloudy
Ankara,2025-05-31,21,50,30,Cloudy
Adana,2025-01-01,10,70,18,Rainy
Adana,2025-01-02,12,65,20,Cloudy
Adana,2025-01-03,9,75,15,Rainy
Adana,2025-01-04,11,68,19,Cloudy
Adana,2025-01-05,14,60,22,Sunny
Adana,2025-01-06,8,80,12,Rainy
Adana,2025-01-07,10,72,17,Cloudy
Adana,2025-01-08,16,55,25,Sunny
Adana,2025-01-09,13,62,21,Partly Cloudy
Adana,2025-01-10,9,78,14,Rainy
Adana,2025-01-11,11,70,19,Cloudy
Adana,2025-01-12,15,63,23,Sunny
Adana,2025-01-13,12,68,17,Partly Cloudy
Adana,2025-01-14,10,75,15,Rainy
Adana,2025-01-15,17,58,26,Sunny
Adana,2025-01-16,14,65,21,Partly Cloudy
Adana,2025-01-17,11,72,18,Rainy
Adana,2025-01-18,16,60,25,Sunny
Adana,2025-01-19,13,67,20,Partly Cloudy
Adana,2025-01-20,9,78,16,Rainy
Adana,2025-01-21,11,70,20,Cloudy
Adana,2025-01-22,17,55,27,Sunny
Adana,2025-01-23,14,62,21,Partly Cloudy
Adana,2025-01-24,10,75,17,Rainy
Adana,2025-01-25,16,58,26,Sunny
Adana,2025-01-26,13,65,20,Partly Cloudy
Adana,2025-01-27,9,78,16,Rainy
Adana,2025-01-28,11,70,20,Cloudy
Adana,2025-01-29,17,55,27,Sunny
Adana,2025-01-30,14,62,21,Partly Cloudy
Adana,2025-01-31,10,75,17,Rainy
Adana,2025-02-01,12,68,22,Cloudy
Adana,2025-02-02,18,52,29,Sunny
Adana,2025-02-03,15,60,20,Partly Cloudy
Adana,2025-02-04,11,70,16,Rainy
Adana,2025-02-05,17,55,25,Sunny
Adana,2025-02-06,14,62,21,Partly Cloudy
Adana,2025-02-07,10,72,18,Rainy
Adana,2025-02-08,16,58,26,Sunny
Adana,2025-02-09,13,65,20,Partly Cloudy
Adana,2025-02-10,9,75,17,Rainy
Adana,2025-02-11,11,68,21,Cloudy
Adana,2025-02-12,17,52,28,Sunny
Adana,2025-02-13,14,60,20,Partly Cloudy
Adana,2025-02-14,10,70,16,Rainy
Adana,2025-02-15,16,55,25,Sunny
Adana,2025-02-16,13,62,21,Partly Cloudy
Adana,2025-02-17,11,72,18,Rainy
Adana,2025-02-18,18,50,27,Sunny
Adana,2025-02-19,15,58,20,Partly Cloudy
Adana,2025-02-20,12,68,16,Rainy
Adana,2025-02-21,17,53,26,Sunny
Adana,2025-02-22,14,60,21,Partly Cloudy
Adana,2025-02-23,11,70,18,Rainy
Adana,2025-02-24,18,48,27,Sunny
Adana,2025-02-25,15,58,20,Partly Cloudy
Adana,2025-02-26,12,68,16,Rainy
Adana,2025-02-27,17,53,26,Sunny
Adana,2025-02-28,14,60,21,Partly Cloudy
Adana,2025-03-01,16,55,25,Sunny
Adana,2025-03-02,19,50,28,Partly Cloudy
Adana,2025-03-03,16,58,23,Sunny
Adana,2025-03-04,13,65,20,Partly Cloudy
Adana,2025-03-05,18,52,27,Sunny
Adana,2025-03-06,21,47,30,Partly Cloudy
Adana,2025-03-07,18,55,25,Sunny
Adana,2025-03-08,15,62,22,Partly Cloudy
Adana,2025-03-09,20,50,28,Sunny
Adana,2025-03-10,23,45,32,Partly Cloudy
Adana,2025-03-11,20,53,26,Sunny
Adana,2025-03-12,17,60,23,Partly Cloudy
Adana,2025-03-13,22,48,30,Sunny
Adana,2025-03-14,25,43,34,Partly Cloudy
Adana,2025-03-15,22,51,28,Sunny
Adana,2025-03-16,19,58,25,Partly Cloudy
Adana,2025-03-17,24,46,32,Sunny
Adana,2025-03-18,27,41,36,Partly Cloudy
Adana,2025-03-19,24,49,30,Sunny
Adana,2025-03-20,21,56,27,Partly Cloudy
Adana,2025-03-21,26,44,34,Sunny
Adana,2025-03-22,29,39,38,Partly Cloudy
Adana,2025-03-23,26,47,32,Sunny
Adana,2025-03-24,23,54,29,Partly Cloudy
Adana,2025-03-25,28,42,36,Sunny
Adana,2025-03-26,31,37,40,Partly Cloudy
Adana,2025-03-27,28,45,34,Sunny
Adana,2025-03-28,25,52,31,Partly Cloudy
Adana,2025-03-29,30,40,38,Sunny
Adana,2025-03-30,33,35,42,Partly Cloudy
Adana,2025-03-31,30,43,36,Sunny
Adana,2025-04-01,28,50,34,Partly Cloudy
Adana,2025-04-02,31,45,38,Sunny
Adana,2025-04-03,28,53,36,Partly Cloudy
Adana,2025-04-04,25,60,33,Rainy
Adana,2025-04-05,30,48,37,Sunny
Adana,2025-04-06,33,43,40,Partly Cloudy
Adana,2025-04-07,30,51,38,Sunny
Adana,2025-04-08,27,58,35,Rainy
Adana,2025-04-09,32,46,40,Sunny
Adana,2025-04-10,35,41,44,Partly Cloudy
Adana,2025-04-11,32,49,42,Sunny
Adana,2025-04-12,29,56,39,Rainy
Adana,2025-04-13,34,44,43,Sunny
Adana,2025-04-14,37,39,46,Partly Cloudy
Adana,2025-04-15,34,47,44,Sunny
Adana,2025-04-16,31,54,41,Rainy
Adana,2025-04-17,36,42,45,Sunny
Adana,2025-04-18,39,37,48,Partly Cloudy
Adana,2025-04-19,36,45,46,Sunny
Adana,2025-04-20,33,52,43,Rainy
Adana,2025-04-21,38,40,47,Sunny
Adana,2025-04-22,41,35,50,Partly Cloudy
Adana,2025-04-23,38,43,48,Sunny
Adana,2025-04-24,35,50,45,Rainy
Adana,2025-04-25,40,38,49,Sunny
Adana,2025-04-26,43,33,52,Partly Cloudy
Adana,2025-04-27,40,41,50,Sunny
Adana,2025-04-28,37,48,47,Rainy
Adana,2025-04-29,42,36,51,Sunny
Adana,2025-04-30,45,31,54,Partly Cloudy
Adana,2025-05-01,42,39,52,Sunny
Adana,2025-05-02,39,46,49,Partly Cloudy
Adana,2025-05-03,44,34,53,Sunny
Adana,2025-05-04,41,41,50,Partly Cloudy
Adana,2025-05-05,38,48,47,Sunny
Adana,2025-05-06,43,36,51,Partly Cloudy
Adana,2025-05-07,40,43,48,Sunny
Adana,2025-05-08,37,50,45,Partly Cloudy
Adana,2025-05-09,42,38,49,Sunny
Adana,2025-05-10,43,35,51,Partly Cloudy
Adana,2025-05-11,41,41,48,Sunny
Adana,2025-05-12,39,47,45,Partly Cloudy
Adana,2025-05-13,44,36,53,Sunny
Adana,2025-05-14,45,33,55,Partly Cloudy
Adana,2025-05-15,43,39,52,Sunny
Adana,2025-05-16,40,45,49,Partly Cloudy
Adana,2025-05-17,45,34,53,Sunny
Adana,2025-05-18,46,31,55,Partly Cloudy
Adana,2025-05-19,44,37,52,Sunny
Adana,2025-05-20,41,43,49,Partly Cloudy
Adana,2025-05-21,46,32,53,Sunny
Adana,2025-05-22,47,29,55,Partly Cloudy
Adana,2025-05-23,45,35,52,Sunny
Adana,2025-05-24,42,41,49,Partly Cloudy
Adana,2025-05-25,47,30,53,Sunny
Adana,2025-05-26,48,27,55,Partly Cloudy
Adana,2025-05-27,46,33,52,Sunny
Adana,2025-05-28,43,39,49,Partly Cloudy
Adana,2025-05-29,48,28,53,Sunny
Adana,2025-05-30,49,25,55,Partly Cloudy
Adana,2025-05-31,47,31,52,Sunny
Bursa,2025-01-01,4,88,9,Snowy
Bursa,2025-01-02,6,85,11,Cloudy
Bursa,2025-01-03,3,92,7,Snowy
Bursa,2025-01-04,5,80,10,Cloudy
Bursa,2025-01-05,8,75,14,Partly Cloudy
Bursa,2025-01-06,1,95,6,Heavy Snow
Bursa,2025-01-07,4,90,8,Snowy
Bursa,2025-01-08,10,70,12,Sunny
Bursa,2025-01-09,7,78,9,Cloudy
Bursa,2025-01-10,2,93,5,Snowy
Bursa,2025-01-11,6,82,10,Cloudy
Bursa,2025-01-12,9,76,15,Partly Cloudy
Bursa,2025-01-13,7,80,11,Cloudy
Bursa,2025-01-14,3,88,7,Snowy
Bursa,2025-01-15,11,70,13,Sunny
Bursa,2025-01-16,8,77,9,Cloudy
Bursa,2025-01-17,5,85,6,Snowy
Bursa,2025-01-18,10,72,14,Partly Cloudy
Bursa,2025-01-19,7,79,10,Cloudy
Bursa,2025-01-20,2,91,5,Heavy Snow
Bursa,2025-01-21,5,87,8,Snowy
Bursa,2025-01-22,12,68,12,Sunny
Bursa,2025-01-23,9,75,9,Cloudy
Bursa,2025-01-24,5,83,6,Snowy
Bursa,2025-01-25,11,71,13,Partly Cloudy
Bursa,2025-01-26,8,78,10,Cloudy
Bursa,2025-01-27,3,90,5,Snowy
Bursa,2025-01-28,6,85,8,Cloudy
Bursa,2025-01-29,12,68,12,Sunny
Bursa,2025-01-30,9,75,9,Cloudy
Bursa,2025-01-31,5,83,6,Snowy
Bursa,2025-02-01,7,77,11,Partly Cloudy
Bursa,2025-02-02,10,72,14,Sunny
Bursa,2025-02-03,6,80,9,Cloudy
Bursa,2025-02-04,3,86,7,Snowy
Bursa,2025-02-05,9,74,13,Partly Cloudy
Bursa,2025-02-06,11,70,16,Sunny
Bursa,2025-02-07,8,78,10,Cloudy
Bursa,2025-02-08,5,84,8,Snowy
Bursa,2025-02-09,10,73,14,Partly Cloudy
Bursa,2025-02-10,12,68,17,Sunny
Bursa,2025-02-11,9,76,11,Cloudy
Bursa,2025-02-12,6,82,9,Snowy
Bursa,2025-02-13,11,71,15,Partly Cloudy
Bursa,2025-02-14,13,66,18,Sunny
Bursa,2025-02-15,10,74,12,Cloudy
Bursa,2025-02-16,7,80,10,Snowy
Bursa,2025-02-17,12,69,16,Partly Cloudy
Bursa,2025-02-18,14,64,19,Sunny
Bursa,2025-02-19,11,72,13,Cloudy
Bursa,2025-02-20,8,78,11,Snowy
Bursa,2025-02-21,13,67,17,Partly Cloudy
Bursa,2025-02-22,15,62,20,Sunny
Bursa,2025-02-23,12,70,14,Cloudy
Bursa,2025-02-24,9,76,12,Snowy
Bursa,2025-02-25,14,65,18,Partly Cloudy
Bursa,2025-02-26,16,60,22,Sunny
Bursa,2025-02-27,13,68,15,Cloudy
Bursa,2025-02-28,10,74,13,Snowy
Bursa,2025-03-01,12,70,16,Partly Cloudy
Bursa,2025-03-02,15,64,19,Sunny
Bursa,2025-03-03,11,72,14,Cloudy
Bursa,2025-03-04,8,78,12,Snowy
Bursa,2025-03-05,14,67,18,Partly Cloudy
Bursa,2025-03-06,16,62,22,Sunny
Bursa,2025-03-07,13,70,15,Cloudy
Bursa,2025-03-08,10,76,13,Snowy
Bursa,2025-03-09,15,65,19,Partly Cloudy
Bursa,2025-03-10,17,60,26,Sunny
Bursa,2025-03-11,14,68,16,Cloudy
Bursa,2025-03-12,11,74,14,Snowy
Bursa,2025-03-13,16,63,21,Partly Cloudy
Bursa,2025-03-14,18,58,28,Sunny
Bursa,2025-03-15,15,66,18,Cloudy
Bursa,2025-03-16,13,72,16,Snowy
Bursa,2025-03-17,17,61,22,Partly Cloudy
Bursa,2025-03-18,19,56,30,Sunny
Bursa,2025-03-19,16,64,19,Cloudy
Bursa,2025-03-20,13,70,17,Snowy
Bursa,2025-03-21,18,59,23,Partly Cloudy
Bursa,2025-03-22,20,54,32,Sunny
Bursa,2025-03-23,17,62,20,Cloudy
Bursa,2025-03-24,15,68,18,Snowy
Bursa,2025-03-25,19,57,24,Partly Cloudy
Bursa,2025-03-26,21,52,34,Sunny
Bursa,2025-03-27,18,60,21,Cloudy
Bursa,2025-03-28,16,66,19,Snowy
Bursa,2025-03-29,20,55,25,Partly Cloudy
Bursa,2025-03-30,22,50,36,Sunny
Bursa,2025-03-31,19,58,22,Cloudy
Bursa,2025-04-01,17,64,20,Partly Cloudy
Bursa,2025-04-02,19,60,23,Sunny
Bursa,2025-04-03,16,67,19,Cloudy
Bursa,2025-04-04,14,73,17,Rainy
Bursa,2025-04-05,18,62,21,Partly Cloudy
Bursa,2025-04-06,20,57,28,Sunny
Bursa,2025-04-07,17,65,20,Cloudy
Bursa,2025-04-08,15,71,18,Rainy
Bursa,2025-04-09,19,60,22,Partly Cloudy
Bursa,2025-04-10,21,55,30,Sunny
Bursa,2025-04-11,18,63,21,Cloudy
Bursa,2025-04-12,16,69,19,Rainy
Bursa,2025-04-13,20,58,23,Partly Cloudy
Bursa,2025-04-14,22,53,32,Sunny
Bursa,2025-04-15,19,61,22,Cloudy
Bursa,2025-04-16,17,67,20,Rainy
Bursa,2025-04-17,21,56,24,Partly Cloudy
Bursa,2025-04-18,23,51,34,Sunny
Bursa,2025-04-19,20,59,23,Cloudy
Bursa,2025-04-20,18,65,21,Rainy
Bursa,2025-04-21,22,54,25,Partly Cloudy
Bursa,2025-04-22,24,49,36,Sunny
Bursa,2025-04-23,21,57,24,Cloudy
Bursa,2025-04-24,19,63,22,Rainy
Bursa,2025-04-25,23,52,26,Partly Cloudy
Bursa,2025-04-26,25,47,38,Sunny
Bursa,2025-04-27,22,55,25,Cloudy
Bursa,2025-04-28,20,61,23,Rainy
Bursa,2025-04-29,24,50,27,Partly Cloudy
Bursa,2025-04-30,26,45,40,Sunny
Bursa,2025-05-01,23,53,26,Cloudy
Bursa,2025-05-02,21,59,24,Partly Cloudy
Bursa,2025-05-03,25,48,28,Sunny
Bursa,2025-05-04,22,56,25,Cloudy
Bursa,2025-05-05,20,62,23,Partly Cloudy
Bursa,2025-05-06,24,51,27,Sunny
Bursa,2025-05-07,21,58,24,Cloudy
Bursa,2025-05-08,19,64,22,Partly Cloudy
Bursa,2025-05-09,23,53,26,Sunny
Bursa,2025-05-10,24,50,28,Partly Cloudy
Bursa,2025-05-11,22,55,25,Cloudy
Bursa,2025-05-12,20,61,23,Partly Cloudy
Bursa,2025-05-13,24,50,27,Sunny
Bursa,2025-05-14,25,47,29,Partly Cloudy
Bursa,2025-05-15,23,53,26,Cloudy
Bursa,2025-05-16,21,59,24,Partly Cloudy
Bursa,2025-05-17,25,48,28,Sunny
Bursa,2025-05-18,26,45,30,Partly Cloudy
Bursa,2025-05-19,24,51,27,Cloudy
Bursa,2025-05-20,22,57,25,Partly Cloudy
Bursa,2025-05-21,26,46,29,Sunny
Bursa,2025-05-22,27,43,31,Partly Cloudy
Bursa,2025-05-23,25,49,28,Cloudy
Bursa,2025-05-24,23,55,26,Partly Cloudy
Bursa,2025-05-25,27,44,30,Sunny
Bursa,2025-05-26,28,41,32,Partly Cloudy
Bursa,2025-05-27,26,47,29,Cloudy
Bursa,2025-05-28,24,53,27,Partly Cloudy
Bursa,2025-05-29,28,42,31,Sunny
Bursa,2025-05-30,29,39,33,Partly Cloudy
Bursa,2025-05-31,27,45,30,Cloudy
Antalya,2025-01-01,16,70,12,Rainy
Antalya,2025-01-02,18,65,15,Cloudy
Antalya,2025-01-03,15,72,10,Rainy
Antalya,2025-01-04,17,68,14,Cloudy
Antalya,2025-01-05,20,60,18,Sunny
Antalya,2025-01-06,14,75,9,Rainy
Antalya,2025-01-07,16,70,13,Cloudy
Antalya,2025-01-08,22,55,20,Sunny
Antalya,2025-01-09,19,62,16,Partly Cloudy
Antalya,2025-01-10,15,78,11,Rainy
Antalya,2025-01-11,17,70,15,Cloudy
Antalya,2025-01-12,21,63,18,Sunny
Antalya,2025-01-13,18,68,13,Partly Cloudy
Antalya,2025-01-14,16,75,11,Rainy
Antalya,2025-01-15,23,58,20,Sunny
Antalya,2025-01-16,20,65,16,Partly Cloudy
Antalya,2025-01-17,17,72,14,Rainy
Antalya,2025-01-18,22,60,19,Sunny
Antalya,2025-01-19,19,67,15,Partly Cloudy
Antalya,2025-01-20,15,78,12,Rainy
Antalya,2025-01-21,17,70,16,Cloudy
Antalya,2025-01-22,23,55,21,Sunny
Antalya,2025-01-23,20,62,17,Partly Cloudy
Antalya,2025-01-24,16,75,13,Rainy
Antalya,2025-01-25,22,58,20,Sunny
Antalya,2025-01-26,19,65,16,Partly Cloudy
Antalya,2025-01-27,15,78,12,Rainy
Antalya,2025-01-28,17,70,16,Cloudy
Antalya,2025-01-29,23,55,21,Sunny
Antalya,2025-01-30,20,62,17,Partly Cloudy
Antalya,2025-01-31,16,75,13,Rainy
Antalya,2025-02-01,18,68,17,Cloudy
Antalya,2025-02-02,24,52,23,Sunny
Antalya,2025-02-03,21,60,15,Partly Cloudy
Antalya,2025-02-04,17,70,11,Rainy
Antalya,2025-02-05,23,55,20,Sunny
Antalya,2025-02-06,20,62,16,Partly Cloudy
Antalya,2025-02-07,16,72,13,Rainy
Antalya,2025-02-08,22,58,19,Sunny
Antalya,2025-02-09,19,65,15,Partly Cloudy
Antalya,2025-02-10,15,75,12,Rainy
Antalya,2025-02-11,17,68,16,Cloudy
Antalya,2025-02-12,23,52,22,Sunny
Antalya,2025-02-13,20,60,15,Partly Cloudy
Antalya,2025-02-14,16,70,11,Rainy
Antalya,2025-02-15,22,55,20,Sunny
Antalya,2025-02-16,19,62,16,Partly Cloudy
Antalya,2025-02-17,17,72,13,Rainy
Antalya,2025-02-18,24,50,21,Sunny
Antalya,2025-02-19,21,58,15,Partly Cloudy
Antalya,2025-02-20,18,68,12,Rainy
Antalya,2025-02-21,23,53,20,Sunny
Antalya,2025-02-22,20,60,16,Partly Cloudy
Antalya,2025-02-23,17,70,13,Rainy
Antalya,2025-02-24,24,48,21,Sunny
Antalya,2025-02-25,21,58,15,Partly Cloudy
Antalya,2025-02-26,18,68,12,Rainy
Antalya,2025-02-27,23,53,20,Sunny
Antalya,2025-02-28,20,60,16,Partly Cloudy
Antalya,2025-03-01,22,55,20,Sunny
Antalya,2025-03-02,25,50,23,Partly Cloudy
Antalya,2025-03-03,22,58,18,Sunny
Antalya,2025-03-04,19,65,15,Rainy
Antalya,2025-03-05,24,52,21,Sunny
Antalya,2025-03-06,27,47,24,Partly Cloudy
Antalya,2025-03-07,24,55,20,Sunny
Antalya,2025-03-08,21,62,17,Rainy
Antalya,2025-03-09,26,50,23,Sunny
Antalya,2025-03-10,29,45,26,Partly Cloudy
Antalya,2025-03-11,26,53,21,Sunny
Antalya,2025-03-12,23,60,18,Rainy
Antalya,2025-03-13,28,48,24,Sunny
Antalya,2025-03-14,31,43,28,Partly Cloudy
Antalya,2025-03-15,28,51,23,Sunny
Antalya,2025-03-16,25,58,20,Rainy
Antalya,2025-03-17,30,46,26,Sunny
Antalya,2025-03-18,33,41,30,Partly Cloudy
Antalya,2025-03-19,30,49,24,Sunny
Antalya,2025-03-20,27,56,21,Rainy
Antalya,2025-03-21,32,44,28,Sunny
Antalya,2025-03-22,35,39,32,Partly Cloudy
Antalya,2025-03-23,32,47,26,Sunny
Antalya,2025-03-24,29,54,23,Rainy
Antalya,2025-03-25,34,42,30,Sunny
Antalya,2025-03-26,37,37,34,Partly Cloudy
Antalya,2025-03-27,34,45,28,Sunny
Antalya,2025-03-28,31,52,25,Rainy
Antalya,2025-03-29,36,40,32,Sunny
Antalya,2025-03-30,39,35,36,Partly Cloudy
Antalya,2025-03-31,36,43,30,Sunny
Antalya,2025-04-01,34,50,28,Partly Cloudy
Antalya,2025-04-02,37,45,32,Sunny
Antalya,2025-04-03,34,53,30,Partly Cloudy
Antalya,2025-04-04,31,60,27,Rainy
Antalya,2025-04-05,36,48,34,Sunny
Antalya,2025-04-06,39,43,37,Partly Cloudy
Antalya,2025-04-07,36,51,35,Sunny
Antalya,2025-04-08,33,58,32,Rainy
Antalya,2025-04-09,38,46,39,Sunny
Antalya,2025-04-10,41,41,42,Partly Cloudy
Antalya,2025-04-11,38,49,40,Sunny
Antalya,2025-04-12,35,56,37,Rainy
Antalya,2025-04-13,40,44,41,Sunny
Antalya,2025-04-14,43,39,44,Partly Cloudy
Antalya,2025-04-15,40,47,42,Sunny
Antalya,2025-04-16,37,54,39,Rainy
Antalya,2025-04-17,42,42,43,Sunny
Antalya,2025-04-18,45,37,46,Partly Cloudy
Antalya,2025-04-19,42,45,44,Sunny
Antalya,2025-04-20,39,52,41,Rainy
Antalya,2025-04-21,44,40,45,Sunny
Antalya,2025-04-22,47,35,48,Partly Cloudy
Antalya,2025-04-23,44,43,46,Sunny
Antalya,2025-04-24,41,50,43,Rainy
Antalya,2025-04-25,46,38,47,Sunny
Antalya,2025-04-26,49,33,50,Partly Cloudy
Antalya,2025-04-27,46,41,48,Sunny
Antalya,2025-04-28,43,48,45,Rainy
Antalya,2025-04-29,48,36,49,Sunny
Antalya,2025-04-30,51,31,52,Partly Cloudy
Antalya,2025-05-01,48,39,50,Sunny
Antalya,2025-05-02,45,46,47,Partly Cloudy
Antalya,2025-05-03,50,34,51,Sunny
Antalya,2025-05-04,47,41,48,Partly Cloudy
Antalya,2025-05-05,44,48,45,Sunny
Antalya,2025-05-06,49,36,49,Partly Cloudy
Antalya,2025-05-07,46,43,46,Sunny
Antalya,2025-05-08,43,50,43,Partly Cloudy
Antalya,2025-05-09,48,38,47,Sunny
Antalya,2025-05-10,49,35,49,Partly Cloudy
Antalya,2025-05-11,47,41,46,Sunny
Antalya,2025-05-12,45,47,43,Partly Cloudy
Antalya,2025-05-13,50,36,51,Sunny
Antalya,2025-05-14,51,33,53,Partly Cloudy
Antalya,2025-05-15,49,39,50,Sunny
Antalya,2025-05-16,46,45,47,Partly Cloudy
Antalya,2025-05-17,51,34,51,Sunny
Antalya,2025-05-18,52,31,53,Partly Cloudy
Antalya,2025-05-19,50,37,50,Sunny
Antalya,2025-05-20,47,43,47,Partly Cloudy
Antalya,2025-05-21,52,32,51,Sunny
Antalya,2025-05-22,53,29,53,Partly Cloudy
Antalya,2025-05-23,51,35,50,Sunny
Antalya,2025-05-24,48,41,47,Partly Cloudy
Antalya,2025-05-25,53,30,51,Sunny
Antalya,2025-05-26,54,27,53,Partly Cloudy
Antalya,2025-05-27,52,33,50,Sunny
Antalya,2025-05-28,49,39,47,Partly Cloudy
Antalya,2025-05-29,54,28,51,Sunny
Antalya,2025-05-30,55,25,53,Partly Cloudy
Antalya,2025-05-31,53,31,50,Sunny
Konya,2025-01-01,-3,91,6,Snowy
Konya,2025-01-02,-6,93,9,Heavy Snow
Konya,2025-01-03,-4,89,13,Snowy
Konya,2025-01-04,-1,86,11,Cloudy
Konya,2025-01-05,2,81,16,Partly Cloudy
Konya,2025-01-06,-8,96,4,Heavy Snow
Konya,2025-01-07,-2,92,8,Snowy
Konya,2025-01-08,5,76,12,Sunny
Konya,2025-01-09,1,83,10,Cloudy
Konya,2025-01-10,-5,94,7,Snowy
Konya,2025-01-11,0,88,9,Cloudy
Konya,2025-01-12,4,81,14,Partly Cloudy
Konya,2025-01-13,2,86,11,Cloudy
Konya,2025-01-14,-3,91,8,Snowy
Konya,2025-01-15,6,73,12,Sunny
Konya,2025-01-16,3,81,10,Cloudy
Konya,2025-01-17,-2,89,7,Snowy
Konya,2025-01-18,5,76,13,Partly Cloudy
Konya,2025-01-19,2,83,9,Cloudy
Konya,2025-01-20,-4,92,6,Heavy Snow
Konya,2025-01-21,-1,89,8,Snowy
Konya,2025-01-22,7,71,11,Sunny
Konya,2025-01-23,4,79,9,Cloudy
Konya,2025-01-24,-3,86,7,Snowy
Konya,2025-01-25,6,74,12,Partly Cloudy
Konya,2025-01-26,3,82,10,Cloudy
Konya,2025-01-27,-5,91,6,Heavy Snow
Konya,2025-01-28,-1,88,8,Snowy
Konya,2025-01-29,8,69,11,Sunny
Konya,2025-01-30,5,77,9,Cloudy
Konya,2025-01-31,-2,84,7,Snowy
Konya,2025-02-01,1,80,11,Partly Cloudy
Konya,2025-02-02,4,76,13,Sunny
Konya,2025-02-03,0,83,9,Cloudy
Konya,2025-02-04,-4,89,7,Snowy
Konya,2025-02-05,3,78,12,Partly Cloudy
Konya,2025-02-06,6,73,14,Sunny
Konya,2025-02-07,2,81,10,Cloudy
Konya,2025-02-08,-2,87,8,Snowy
Konya,2025-02-09,5,75,13,Partly Cloudy
Konya,2025-02-10,8,70,15,Sunny
Konya,2025-02-11,4,78,11,Cloudy
Konya,2025-02-12,0,84,9,Snowy
Konya,2025-02-13,6,72,14,Partly Cloudy
Konya,2025-02-14,9,67,16,Sunny
Konya,2025-02-15,5,80,12,Cloudy
Konya,2025-02-16,1,86,10,Snowy
Konya,2025-02-17,7,74,15,Partly Cloudy
Konya,2025-02-18,10,69,17,Sunny
Konya,2025-02-19,6,77,13,Cloudy
Konya,2025-02-20,2,83,11,Snowy
Konya,2025-02-21,8,71,16,Partly Cloudy
Konya,2025-02-22,11,66,18,Sunny
Konya,2025-02-23,7,74,14,Cloudy
Konya,2025-02-24,3,80,12,Snowy
Konya,2025-02-25,9,69,17,Partly Cloudy
Konya,2025-02-26,12,64,19,Sunny
Konya,2025-02-27,8,72,15,Cloudy
Konya,2025-02-28,4,78,13,Snowy
Konya,2025-03-01,6,74,16,Partly Cloudy
Konya,2025-03-02,9,69,18,Sunny
Konya,2025-03-03,5,77,14,Cloudy
Konya,2025-03-04,1,83,12,Snowy
Konya,2025-03-05,7,72,17,Partly Cloudy
Konya,2025-03-06,10,67,20,Sunny
Konya,2025-03-07,6,75,15,Cloudy
Konya,2025-03-08,2,81,13,Snowy
Konya,2025-03-09,8,70,18,Partly Cloudy
Konya,2025-03-10,11,65,22,Sunny
Konya,2025-03-11,7,73,16,Cloudy
Konya,2025-03-12,3,79,14,Snowy
Konya,2025-03-13,9,68,19,Partly Cloudy
Konya,2025-03-14,12,63,24,Sunny
Konya,2025-03-15,8,71,17,Cloudy
Konya,2025-03-16,4,77,15,Snowy
Konya,2025-03-17,10,66,20,Partly Cloudy
Konya,2025-03-18,13,61,26,Sunny
Konya,2025-03-19,9,69,18,Cloudy
Konya,2025-03-20,5,75,16,Snowy
Konya,2025-03-21,11,64,21,Partly Cloudy
Konya,2025-03-22,14,59,28,Sunny
Konya,2025-03-23,10,67,19,Cloudy
Konya,2025-03-24,6,73,17,Snowy
Konya,2025-03-25,12,62,22,Partly Cloudy
Konya,2025-03-26,15,57,30,Sunny
Konya,2025-03-27,11,65,20,Cloudy
Konya,2025-03-28,7,71,18,Snowy
Konya,2025-03-29,13,60,24,Partly Cloudy
Konya,2025-03-30,16,55,32,Sunny
Konya,2025-03-31,12,63,21,Cloudy
Konya,2025-04-01,10,69,19,Partly Cloudy
Konya,2025-04-02,13,64,22,Sunny
Konya,2025-04-03,9,72,17,Cloudy
Konya,2025-04-04,5,78,15,Rainy
Konya,2025-04-05,11,67,20,Partly Cloudy
Konya,2025-04-06,14,62,26,Sunny
Konya,2025-04-07,10,70,18,Cloudy
Konya,2025-04-08,6,76,16,Rainy
Konya,2025-04-09,12,65,21,Partly Cloudy
Konya,2025-04-10,15,60,28,Sunny
Konya,2025-04-11,11,68,19,Cloudy
Konya,2025-04-12,7,74,17,Rainy
Konya,2025-04-13,13,63,22,Partly Cloudy
Konya,2025-04-14,16,58,30,Sunny
Konya,2025-04-15,12,66,21,Cloudy
Konya,2025-04-16,8,72,19,Rainy
Konya,2025-04-17,14,61,24,Partly Cloudy
Konya,2025-04-18,17,56,32,Sunny
Konya,2025-04-19,13,64,23,Cloudy
Konya,2025-04-20,9,70,21,Rainy
Konya,2025-04-21,15,59,25,Partly Cloudy
Konya,2025-04-22,18,54,34,Sunny
Konya,2025-04-23,14,62,24,Cloudy
Konya,2025-04-24,10,68,22,Rainy
Konya,2025-04-25,16,57,26,Partly Cloudy
Konya,2025-04-26,19,52,36,Sunny
Konya,2025-04-27,15,60,25,Cloudy
Konya,2025-04-28,11,66,23,Rainy
Konya,2025-04-29,17,55,27,Partly Cloudy
Konya,2025-04-30,20,50,38,Sunny
Konya,2025-05-01,16,58,26,Cloudy
Konya,2025-05-02,14,64,24,Partly Cloudy
Konya,2025-05-03,18,53,28,Sunny
Konya,2025-05-04,15,61,25,Cloudy
Konya,2025-05-05,13,67,23,Partly Cloudy
Konya,2025-05-06,17,56,27,Sunny
Konya,2025-05-07,14,63,24,Cloudy
Konya,2025-05-08,12,69,22,Partly Cloudy
Konya,2025-05-09,16,58,26,Sunny
Konya,2025-05-10,17,55,28,Partly Cloudy
Konya,2025-05-11,15,61,25,Cloudy
Konya,2025-05-12,13,67,23,Partly Cloudy
Konya,2025-05-13,17,56,27,Sunny
Konya,2025-05-14,18,53,29,Partly Cloudy
Konya,2025-05-15,16,59,26,Cloudy
Konya,2025-05-16,14,65,24,Partly Cloudy
Konya,2025-05-17,18,54,28,Sunny
Konya,2025-05-18,19,51,30,Partly Cloudy
Konya,2025-05-19,17,57,27,Cloudy
Konya,2025-05-20,15,63,25,Partly Cloudy
Konya,2025-05-21,19,52,29,Sunny
Konya,2025-05-22,20,49,31,Partly Cloudy
Konya,2025-05-23,18,55,28,Cloudy
Konya,2025-05-24,16,61,26,Partly Cloudy
Konya,2025-05-25,20,50,30,Sunny
Konya,2025-05-26,21,47,32,Partly Cloudy
Konya,2025-05-27,19,53,29,Cloudy
Konya,2025-05-28,17,59,27,Partly Cloudy
Konya,2025-05-29,21,48,31,Sunny
Konya,2025-05-30,22,45,33,Partly Cloudy
Konya,2025-05-31,20,51,30,Cloudy
Trabzon,2025-01-01,5,88,15,Rainy
Trabzon,2025-01-02,7,85,18,Cloudy
Trabzon,2025-01-03,3,92,12,Snowy
Trabzon,2025-01-04,6,80,16,Rainy
Trabzon,2025-01-05,9,75,20,Partly Cloudy
Trabzon,2025-01-06,2,95,10,Snowy
Trabzon,2025-01-07,5,90,14,Rainy
Trabzon,2025-01-08,10,70,18,Cloudy
Trabzon,2025-01-09,7,78,13,Rainy
Trabzon,2025-01-10,4,93,11,Snowy
Trabzon,2025-01-11,6,82,16,Cloudy
Trabzon,2025-01-12,9,76,21,Partly Cloudy
Trabzon,2025-01-13,7,80,17,Rainy
Trabzon,2025-01-14,3,88,14,Snowy
Trabzon,2025-01-15,11,70,19,Cloudy
Trabzon,2025-01-16,8,77,15,Rainy
Trabzon,2025-01-17,5,85,12,Snowy
Trabzon,2025-01-18,10,72,18,Cloudy
Trabzon,2025-01-19,7,79,14,Rainy
Trabzon,2025-01-20,2,91,11,Snowy
Trabzon,2025-01-21,5,87,16,Cloudy
Trabzon,2025-01-22,12,68,20,Partly Cloudy
Trabzon,2025-01-23,9,75,17,Rainy
Trabzon,2025-01-24,5,83,13,Snowy
Trabzon,2025-01-25,11,71,19,Cloudy
Trabzon,2025-01-26,8,78,15,Rainy
Trabzon,2025-01-27,3,90,12,Snowy
Trabzon,2025-01-28,6,85,17,Cloudy
Trabzon,2025-01-29,12,68,21,Partly Cloudy
Trabzon,2025-01-30,9,75,18,Rainy
Trabzon,2025-01-31,5,83,14,Snowy
Trabzon,2025-02-01,7,77,19,Cloudy
Trabzon,2025-02-02,10,72,22,Partly Cloudy
Trabzon,2025-02-03,6,80,16,Rainy
Trabzon,2025-02-04,3,86,13,Snowy
Trabzon,2025-02-05,9,74,20,Cloudy
Trabzon,2025-02-06,11,70,24,Partly Cloudy
Trabzon,2025-02-07,8,78,18,Rainy
Trabzon,2025-02-08,5,84,15,Snowy
Trabzon,2025-02-09,10,73,21,Cloudy
Trabzon,2025-02-10,12,68,25,Partly Cloudy
Trabzon,2025-02-11,9,76,19,Rainy
Trabzon,2025-02-12,6,82,16,Snowy
Trabzon,2025-02-13,11,71,22,Cloudy
Trabzon,2025-02-14,13,66,26,Partly Cloudy
Trabzon,2025-02-15,10,74,20,Rainy
Trabzon,2025-02-16,7,80,17,Snowy
Trabzon,2025-02-17,12,69,23,Cloudy
Trabzon,2025-02-18,14,64,27,Partly Cloudy
Trabzon,2025-02-19,11,72,20,Rainy
Trabzon,2025-02-20,8,78,17,Snowy
Trabzon,2025-02-21,13,67,23,Cloudy
Trabzon,2025-02-22,15,62,27,Partly Cloudy
Trabzon,2025-02-23,12,70,20,Rainy
Trabzon,2025-02-24,9,76,17,Snowy
Trabzon,2025-02-25,14,65,23,Cloudy
Trabzon,2025-02-26,16,60,27,Partly Cloudy
Trabzon,2025-02-27,13,68,20,Rainy
Trabzon,2025-02-28,10,74,17,Snowy
Trabzon,2025-03-01,12,70,22,Cloudy
Trabzon,2025-03-02,15,64,26,Partly Cloudy
Trabzon,2025-03-03,11,72,20,Rainy
Trabzon,2025-03-04,8,78,17,Snowy
Trabzon,2025-03-05,14,67,23,Cloudy
Trabzon,2025-03-06,16,62,27,Partly Cloudy
Trabzon,2025-03-07,13,70,20,Rainy
Trabzon,2025-03-08,10,76,17,Snowy
Trabzon,2025-03-09,15,65,23,Cloudy
Trabzon,2025-03-10,17,60,27,Partly Cloudy
Trabzon,2025-03-11,14,68,20,Rainy
Trabzon,2025-03-12,11,74,17,Snowy
Trabzon,2025-03-13,16,63,23,Cloudy
Trabzon,2025-03-14,18,58,27,Partly Cloudy
Trabzon,2025-03-15,15,66,20,Rainy
Trabzon,2025-03-16,13,72,17,Snowy
Trabzon,2025-03-17,17,61,23,Cloudy
Trabzon,2025-03-18,19,56,27,Partly Cloudy
Trabzon,2025-03-19,16,64,20,Rainy
Trabzon,2025-03-20,14,70,17,Snowy
Trabzon,2025-03-21,18,59,23,Cloudy
Trabzon,2025-03-22,20,54,27,Partly Cloudy
Trabzon,2025-03-23,17,62,20,Rainy
Trabzon,2025-03-24,15,68,17,Snowy
Trabzon,2025-03-25,19,57,23,Cloudy
Trabzon,2025-03-26,21,52,27,Partly Cloudy
Trabzon,2025-03-27,18,60,20,Rainy
Trabzon,2025-03-28,16,66,17,Snowy
Trabzon,2025-03-29,20,55,23,Cloudy
Trabzon,2025-03-30,22,50,27,Partly Cloudy
Trabzon,2025-03-31,19,58,20,Rainy
Trabzon,2025-04-01,17,64,22,Cloudy
Trabzon,2025-04-02,19,60,25,Partly Cloudy
Trabzon,2025-04-03,16,67,20,Rainy
Trabzon,2025-04-04,14,73,17,Cloudy
Trabzon,2025-04-05,18,62,23,Partly Cloudy
Trabzon,2025-04-06,20,57,27,Sunny
Trabzon,2025-04-07,17,65,20,Cloudy
Trabzon,2025-04-08,15,71,17,Rainy
Trabzon,2025-04-09,19,60,23,Partly Cloudy
Trabzon,2025-04-10,21,55,27,Sunny
Trabzon,2025-04-11,18,63,20,Cloudy
Trabzon,2025-04-12,16,69,17,Rainy
Trabzon,2025-04-13,20,58,23,Partly Cloudy
Trabzon,2025-04-14,22,53,27,Sunny
Trabzon,2025-04-15,19,61,20,Cloudy
Trabzon,2025-04-16,17,67,17,Rainy
Trabzon,2025-04-17,21,56,23,Partly Cloudy
Trabzon,2025-04-18,23,51,27,Sunny
Trabzon,2025-04-19,20,59,20,Cloudy
Trabzon,2025-04-20,18,65,17,Rainy
Trabzon,2025-04-21,22,54,23,Partly Cloudy
Trabzon,2025-04-22,24,49,27,Sunny
Trabzon,2025-04-23,21,57,20,Cloudy
Trabzon,2025-04-24,19,63,17,Rainy
Trabzon,2025-04-25,23,52,23,Partly Cloudy
Trabzon,2025-04-26,25,47,27,Sunny
Trabzon,2025-04-27,22,55,20,Cloudy
Trabzon,2025-04-28,20,61,17,Rainy
Trabzon,2025-04-29,24,50,23,Partly Cloudy
Trabzon,2025-04-30,26,45,27,Sunny
Trabzon,2025-05-01,23,53,22,Cloudy
Trabzon,2025-05-02,21,59,20,Partly Cloudy
Trabzon,2025-05-03,25,48,24,Sunny
Trabzon,2025-05-04,22,56,22,Cloudy
Trabzon,2025-05-05,20,62,20,Partly Cloudy
Trabzon,2025-05-06,24,51,24,Sunny
Trabzon,2025-05-07,21,58,22,Cloudy
Trabzon,2025-05-08,19,64,20,Partly Cloudy
Trabzon,2025-05-09,23,53,24,Sunny
Trabzon,2025-05-10,24,50,25,Partly Cloudy
Trabzon,2025-05-11,22,55,22,Cloudy
Trabzon,2025-05-12,20,61,20,Partly Cloudy
Trabzon,2025-05-13,24,50,24,Sunny
Trabzon,2025-05-14,25,47,25,Partly Cloudy
Trabzon,2025-05-15,23,53,22,Cloudy
Trabzon,2025-05-16,21,59,20,Partly Cloudy
Trabzon,2025-05-17,25,48,24,Sunny
Trabzon,2025-05-18,26,45,25,Partly Cloudy
Trabzon,2025-05-19,24,51,22,Cloudy
Trabzon,2025-05-20,22,57,20,Partly Cloudy
Trabzon,2025-05-21,26,46,24,Sunny
Trabzon,2025-05-22,27,43,25,Partly Cloudy
Trabzon,2025-05-23,25,49,22,Cloudy
Trabzon,2025-05-24,23,55,20,Partly Cloudy
Trabzon,2025-05-25,27,44,24,Sunny
Trabzon,2025-05-26,28,41,25,Partly Cloudy
Trabzon,2025-05-27,26,47,22,Cloudy
Trabzon,2025-05-28,24,53,20,Partly Cloudy
Trabzon,2025-05-29,28,42,24,Sunny
Trabzon,2025-05-30,29,39,25,Partly Cloudy
Trabzon,2025-05-31,27,45,22,Cloudy
Diyarbakır,2025-01-01,2,85,8,Cloudy
Diyarbakır,2025-01-02,-1,88,11,Snowy
Diyarbakır,2025-01-03,-3,90,7,Heavy Snow
Diyarbakır,2025-01-04,0,82,9,Cloudy
Diyarbakır,2025-01-05,4,78,13,Partly Cloudy
Diyarbakır,2025-01-06,-5,92,6,Snowy
Diyarbakır,2025-01-07,1,86,10,Cloudy
Diyarbakır,2025-01-08,7,72,15,Sunny
Diyarbakır,2025-01-09,3,80,12,Cloudy
Diyarbakır,2025-01-10,-2,89,9,Snowy
Diyarbakır,2025-01-11,2,83,11,Cloudy
Diyarbakır,2025-01-12,6,77,16,Partly Cloudy
Diyarbakır,2025-01-13,4,81,13,Cloudy
Diyarbakır,2025-01-14,-1,87,10,Snowy
Diyarbakır,2025-01-15,8,70,17,Sunny
Diyarbakır,2025-01-16,5,78,14,Cloudy
Diyarbakır,2025-01-17,0,85,11,Snowy
Diyarbakır,2025-01-18,7,73,16,Partly Cloudy
Diyarbakır,2025-01-19,3,81,13,Cloudy
Diyarbakır,2025-01-20,-3,89,9,Heavy Snow
Diyarbakır,2025-01-21,1,86,11,Snowy
Diyarbakır,2025-01-22,9,68,15,Sunny
Diyarbakır,2025-01-23,6,76,13,Cloudy
Diyarbakır,2025-01-24,0,83,10,Snowy
Diyarbakır,2025-01-25,8,71,16,Partly Cloudy
Diyarbakır,2025-01-26,5,79,13,Cloudy
Diyarbakır,2025-01-27,-2,87,9,Snowy
Diyarbakır,2025-01-28,2,84,11,Cloudy
Diyarbakır,2025-01-29,10,66,15,Sunny
Diyarbakır,2025-01-30,7,74,13,Cloudy
Diyarbakır,2025-01-31,1,81,10,Snowy
Diyarbakır,2025-02-01,4,77,14,Partly Cloudy
Diyarbakır,2025-02-02,8,72,17,Sunny
Diyarbakır,2025-02-03,3,80,12,Cloudy
Diyarbakır,2025-02-04,-1,86,10,Snowy
Diyarbakır,2025-02-05,6,75,15,Partly Cloudy
Diyarbakır,2025-02-06,9,70,18,Sunny
Diyarbakır,2025-02-07,5,78,13,Cloudy
Diyarbakır,2025-02-08,1,84,11,Snowy
Diyarbakır,2025-02-09,8,73,16,Partly Cloudy
Diyarbakır,2025-02-10,11,68,19,Sunny
Diyarbakır,2025-02-11,7,76,14,Cloudy
Diyarbakır,2025-02-12,3,82,12,Snowy
Diyarbakır,2025-02-13,9,71,17,Partly Cloudy
Diyarbakır,2025-02-14,12,66,20,Sunny
Diyarbakır,2025-02-15,8,74,15,Cloudy
Diyarbakır,2025-02-16,4,80,13,Snowy
Diyarbakır,2025-02-17,10,69,18,Partly Cloudy
Diyarbakır,2025-02-18,13,64,22,Sunny
Diyarbakır,2025-02-19,9,72,16,Cloudy
Diyarbakır,2025-02-20,5,78,14,Snowy
Diyarbakır,2025-02-21,11,67,19,Partly Cloudy
Diyarbakır,2025-02-22,14,62,23,Sunny
Diyarbakır,2025-02-23,10,70,17,Cloudy
Diyarbakır,2025-02-24,6,76,15,Snowy
Diyarbakır,2025-02-25,12,65,20,Partly Cloudy
Diyarbakır,2025-02-26,15,60,24,Sunny
Diyarbakır,2025-02-27,11,68,18,Cloudy
Diyarbakır,2025-02-28,7,74,16,Snowy
Diyarbakır,2025-03-01,9,70,19,Partly Cloudy
Diyarbakır,2025-03-02,12,65,22,Sunny
Diyarbakır,2025-03-03,8,73,17,Cloudy
Diyarbakır,2025-03-04,4,79,15,Snowy
Diyarbakır,2025-03-05,10,68,20,Partly Cloudy
Diyarbakır,2025-03-06,13,63,24,Sunny
Diyarbakır,2025-03-07,9,71,18,Cloudy
Diyarbakır,2025-03-08,5,77,16,Snowy
Diyarbakır,2025-03-09,11,66,21,Partly Cloudy
Diyarbakır,2025-03-10,14,61,26,Sunny
Diyarbakır,2025-03-11,10,69,19,Cloudy
Diyarbakır,2025-03-12,6,75,17,Snowy
Diyarbakır,2025-03-13,12,64,22,Partly Cloudy
Diyarbakır,2025-03-14,15,59,28,Sunny
Diyarbakır,2025-03-15,11,67,20,Cloudy
Diyarbakır,2025-03-16,7,73,18,Snowy
Diyarbakır,2025-03-17,13,62,23,Partly Cloudy
Diyarbakır,2025-03-18,16,57,30,Sunny
Diyarbakır,2025-03-19,12,65,21,Cloudy
Diyarbakır,2025-03-20,8,71,19,Snowy
Diyarbakır,2025-03-21,14,60,24,Partly Cloudy
Diyarbakır,2025-03-22,17,55,32,Sunny
Diyarbakır,2025-03-23,13,63,22,Cloudy
Diyarbakır,2025-03-24,9,69,20,Snowy
Diyarbakır,2025-03-25,15,58,25,Partly Cloudy
Diyarbakır,2025-03-26,18,53,34,Sunny
Diyarbakır,2025-03-27,14,61,23,Cloudy
Diyarbakır,2025-03-28,10,67,21,Snowy
Diyarbakır,2025-03-29,16,56,26,Partly Cloudy
Diyarbakır,2025-03-30,19,51,36,Sunny
Diyarbakır,2025-03-31,15,59,24,Cloudy
Diyarbakır,2025-04-01,13,65,22,Partly Cloudy
Diyarbakır,2025-04-02,16,60,25,Sunny
Diyarbakır,2025-04-03,12,68,20,Cloudy
Diyarbakır,2025-04-04,8,74,18,Rainy
Diyarbakır,2025-04-05,14,63,23,Partly Cloudy
Diyarbakır,2025-04-06,17,58,28,Sunny
Diyarbakır,2025-04-07,13,66,21,Cloudy
Diyarbakır,2025-04-08,9,72,19,Rainy
Diyarbakır,2025-04-09,15,61,24,Partly Cloudy
Diyarbakır,2025-04-10,18,56,30,Sunny
Diyarbakır,2025-04-11,14,64,22,Cloudy
Diyarbakır,2025-04-12,10,70,20,Rainy
Diyarbakır,2025-04-13,16,59,25,Partly Cloudy
Diyarbakır,2025-04-14,19,54,32,Sunny
Diyarbakır,2025-04-15,15,62,23,Cloudy
Diyarbakır,2025-04-16,11,68,21,Rainy
Diyarbakır,2025-04-17,17,57,26,Partly Cloudy
Diyarbakır,2025-04-18,20,52,34,Sunny
Diyarbakır,2025-04-19,16,60,24,Cloudy
Diyarbakır,2025-04-20,12,66,22,Rainy
Diyarbakır,2025-04-21,18,55,27,Partly Cloudy
Diyarbakır,2025-04-22,21,50,36,Sunny
Diyarbakır,2025-04-23,17,58,25,Cloudy
Diyarbakır,2025-04-24,13,64,23,Rainy
Diyarbakır,2025-04-25,19,53,28,Partly Cloudy
Diyarbakır,2025-04-26,22,48,38,Sunny
Diyarbakır,2025-04-27,18,56,26,Cloudy
Diyarbakır,2025-04-28,14,62,24,Rainy
Diyarbakır,2025-04-29,20,51,29,Partly Cloudy
Diyarbakır,2025-04-30,23,46,40,Sunny
Diyarbakır,2025-05-01,19,54,27,Cloudy
Diyarbakır,2025-05-02,17,60,25,Partly Cloudy
Diyarbakır,2025-05-03,21,49,29,Sunny
Diyarbakır,2025-05-04,18,57,26,Cloudy
Diyarbakır,2025-05-05,16,63,24,Partly Cloudy
Diyarbakır,2025-05-06,20,52,28,Sunny
Diyarbakır,2025-05-07,17,59,25,Cloudy
Diyarbakır,2025-05-08,15,65,23,Partly Cloudy
Diyarbakır,2025-05-09,19,54,27,Sunny
Diyarbakır,2025-05-10,20,51,29,Partly Cloudy
Diyarbakır,2025-05-11,18,57,26,Cloudy
Diyarbakır,2025-05-12,16,63,24,Partly Cloudy
Diyarbakır,2025-05-13,20,52,28,Sunny
Diyarbakır,2025-05-14,21,49,30,Partly Cloudy
Diyarbakır,2025-05-15,19,55,27,Cloudy
Diyarbakır,2025-05-16,17,61,25,Partly Cloudy
Diyarbakır,2025-05-17,21,50,29,Sunny
Diyarbakır,2025-05-18,22,47,31,Partly Cloudy
Diyarbakır,2025-05-19,20,53,28,Cloudy
Diyarbakır,2025-05-20,18,59,26,Partly Cloudy
Diyarbakır,2025-05-21,22,48,30,Sunny
Diyarbakır,2025-05-22,23,45,32,Partly Cloudy
Diyarbakır,2025-05-23,21,51,29,Cloudy
Diyarbakır,2025-05-24,19,57,27,Partly Cloudy
Diyarbakır,2025-05-25,23,46,31,Sunny
Diyarbakır,2025-05-26,24,43,33,Partly Cloudy
Diyarbakır,2025-05-27,22,49,30,Cloudy
Diyarbakır,2025-05-28,20,55,28,Partly Cloudy
Diyarbakır,2025-05-29,24,44,32,Sunny
Diyarbakır,2025-05-30,25,41,34,Partly Cloudy
Diyarbakır,2025-05-31,23,47,31,Cloudy
Eskişehir,2025-01-01,-2,90,7,Snowy
Eskişehir,2025-01-02,-5,92,9,Heavy Snow
Eskişehir,2025-01-03,-3,88,6,Snowy
Eskişehir,2025-01-04,0,85,8,Cloudy
Eskişehir,2025-01-05,3,80,12,Partly Cloudy
Eskişehir,2025-01-06,-7,95,5,Heavy Snow
Eskişehir,2025-01-07,-1,91,7,Snowy
Eskişehir,2025-01-08,6,75,11,Sunny
Eskişehir,2025-01-09,2,82,9,Cloudy
Eskişehir,2025-01-10,-4,93,6,Snowy
Eskişehir,2025-01-11,1,87,8,Cloudy
Eskişehir,2025-01-12,5,80,13,Partly Cloudy
Eskişehir,2025-01-13,3,85,10,Cloudy
Eskişehir,2025-01-14,-2,90,7,Snowy
Eskişehir,2025-01-15,7,72,11,Sunny
Eskişehir,2025-01-16,4,79,9,Cloudy
Eskişehir,2025-01-17,-1,88,6,Snowy
Eskişehir,2025-01-18,6,75,12,Partly Cloudy
Eskişehir,2025-01-19,2,82,8,Cloudy
Eskişehir,2025-01-20,-4,91,5,Heavy Snow
Eskişehir,2025-01-21,0,88,7,Snowy
Eskişehir,2025-01-22,8,70,10,Sunny
Eskişehir,2025-01-23,5,78,8,Cloudy
Eskişehir,2025-01-24,-2,85,6,Snowy
Eskişehir,2025-01-25,7,73,11,Partly Cloudy
Eskişehir,2025-01-26,4,81,9,Cloudy
Eskişehir,2025-01-27,-3,89,5,Snowy
Eskişehir,2025-01-28,1,86,7,Cloudy
Eskişehir,2025-01-29,9,68,10,Sunny
Eskişehir,2025-01-30,6,76,8,Cloudy
Eskişehir,2025-01-31,-1,83,6,Snowy
Eskişehir,2025-02-01,3,79,11,Partly Cloudy
Eskişehir,2025-02-02,6,74,13,Sunny
Eskişehir,2025-02-03,2,82,9,Cloudy
Eskişehir,2025-02-04,-2,88,7,Snowy
Eskişehir,2025-02-05,5,77,12,Partly Cloudy
Eskişehir,2025-02-06,8,72,15,Sunny
Eskişehir,2025-02-07,4,80,10,Cloudy
Eskişehir,2025-02-08,0,86,8,Snowy
Eskişehir,2025-02-09,7,74,13,Partly Cloudy
Eskişehir,2025-02-10,10,69,16,Sunny
Eskişehir,2025-02-11,6,77,11,Cloudy
Eskişehir,2025-02-12,2,83,9,Snowy
Eskişehir,2025-02-13,8,71,14,Partly Cloudy
Eskişehir,2025-02-14,11,66,17,Sunny
Eskişehir,2025-02-15,7,74,12,Cloudy
Eskişehir,2025-02-16,3,80,10,Snowy
Eskişehir,2025-02-17,9,69,15,Partly Cloudy
Eskişehir,2025-02-18,12,64,18,Sunny
Eskişehir,2025-02-19,8,72,13,Cloudy
Eskişehir,2025-02-20,4,78,11,Snowy
Eskişehir,2025-02-21,10,67,16,Partly Cloudy
Eskişehir,2025-02-22,13,62,19,Sunny
Eskişehir,2025-02-23,9,70,14,Cloudy
Eskişehir,2025-02-24,5,76,12,Snowy
Eskişehir,2025-02-25,11,65,17,Partly Cloudy
Eskişehir,2025-02-26,14,60,20,Sunny
Eskişehir,2025-02-27,10,68,15,Cloudy
Eskişehir,2025-02-28,6,74,13,Snowy
Eskişehir,2025-03-01,8,70,16,Partly Cloudy
Eskişehir,2025-03-02,11,64,18,Sunny
Eskişehir,2025-03-03,7,72,14,Cloudy
Eskişehir,2025-03-04,3,78,12,Snowy
Eskişehir,2025-03-05,9,67,17,Partly Cloudy
Eskişehir,2025-03-06,12,62,20,Sunny
Eskişehir,2025-03-07,8,70,15,Cloudy
Eskişehir,2025-03-08,4,76,13,Snowy
Eskişehir,2025-03-09,10,65,18,Partly Cloudy
Eskişehir,2025-03-10,13,60,22,Sunny
Eskişehir,2025-03-11,9,68,16,Cloudy
Eskişehir,2025-03-12,5,74,14,Snowy
Eskişehir,2025-03-13,11,63,19,Partly Cloudy
Eskişehir,2025-03-14,14,58,24,Sunny
Eskişehir,2025-03-15,10,66,17,Cloudy
Eskişehir,2025-03-16,6,72,15,Snowy
Eskişehir,2025-03-17,12,61,20,Partly Cloudy
Eskişehir,2025-03-18,15,56,26,Sunny
Eskişehir,2025-03-19,11,64,18,Cloudy
Eskişehir,2025-03-20,7,70,16,Snowy
Eskişehir,2025-03-21,13,59,21,Partly Cloudy
Eskişehir,2025-03-22,16,54,28,Sunny
Eskişehir,2025-03-23,12,62,19,Cloudy
Eskişehir,2025-03-24,8,68,17,Snowy
Eskişehir,2025-03-25,14,57,22,Partly Cloudy
Eskişehir,2025-03-26,17,52,30,Sunny
Eskişehir,2025-03-27,13,60,18,Cloudy
Eskişehir,2025-03-28,9,66,16,Snowy
Eskişehir,2025-03-29,15,55,24,Partly Cloudy
Eskişehir,2025-03-30,18,50,32,Sunny
Eskişehir,2025-03-31,14,58,21,Cloudy
Eskişehir,2025-04-01,12,64,19,Partly Cloudy
Eskişehir,2025-04-02,15,59,22,Sunny
Eskişehir,2025-04-03,11,67,17,Cloudy
Eskişehir,2025-04-04,7,73,15,Rainy
Eskişehir,2025-04-05,13,62,20,Partly Cloudy
Eskişehir,2025-04-06,16,57,26,Sunny
Eskişehir,2025-04-07,12,65,18,Cloudy
Eskişehir,2025-04-08,8,71,16,Rainy
Eskişehir,2025-04-09,14,60,21,Partly Cloudy
Eskişehir,2025-04-10,17,55,28,Sunny
Eskişehir,2025-04-11,13,63,19,Cloudy
Eskişehir,2025-04-12,9,69,17,Rainy
Eskişehir,2025-04-13,15,58,22,Partly Cloudy
Eskişehir,2025-04-14,18,53,30,Sunny
Eskişehir,2025-04-15,14,61,21,Cloudy
Eskişehir,2025-04-16,10,67,19,Rainy
Eskişehir,2025-04-17,16,56,24,Partly Cloudy
Eskişehir,2025-04-18,19,51,32,Sunny
Eskişehir,2025-04-19,15,59,23,Cloudy
Eskişehir,2025-04-20,11,65,21,Rainy
Eskişehir,2025-04-21,17,54,25,Partly Cloudy
Eskişehir,2025-04-22,20,49,34,Sunny
Eskişehir,2025-04-23,16,57,24,Cloudy
Eskişehir,2025-04-24,12,63,22,Rainy
Eskişehir,2025-04-25,18,52,26,Partly Cloudy
Eskişehir,2025-04-26,21,47,36,Sunny
Eskişehir,2025-04-27,17,55,25,Cloudy
Eskişehir,2025-04-28,13,61,23,Rainy
Eskişehir,2025-04-29,19,50,27,Partly Cloudy
Eskişehir,2025-04-30,22,45,38,Sunny
Eskişehir,2025-05-01,18,53,26,Cloudy
Eskişehir,2025-05-02,16,59,24,Partly Cloudy
Eskişehir,2025-05-03,20,48,28,Sunny
Eskişehir,2025-05-04,17,56,25,Cloudy
Eskişehir,2025-05-05,15,62,23,Partly Cloudy
Eskişehir,2025-05-06,19,51,27,Sunny
Eskişehir,2025-05-07,16,58,24,Cloudy
Eskişehir,2025-05-08,14,64,22,Partly Cloudy
Eskişehir,2025-05-09,18,53,26,Sunny
Eskişehir,2025-05-10,19,50,28,Partly Cloudy
Eskişehir,2025-05-11,17,55,25,Cloudy
Eskişehir,2025-05-12,15,61,23,Partly Cloudy
Eskişehir,2025-05-13,19,50,27,Sunny
Eskişehir,2025-05-14,20,47,29,Partly Cloudy
Eskişehir,2025-05-15,18,53,26,Cloudy
Eskişehir,2025-05-16,16,59,24,Partly Cloudy
Eskişehir,2025-05-17,20,48,28,Sunny
Eskişehir,2025-05-18,21,45,30,Partly Cloudy
Eskişehir,2025-05-19,19,51,27,Cloudy
Eskişehir,2025-05-20,17,57,25,Partly Cloudy
Eskişehir,2025-05-21,21,46,29,Sunny
Eskişehir,2025-05-22,22,43,31,Partly Cloudy
Eskişehir,2025-05-23,20,49,28,Cloudy
Eskişehir,2025-05-24,18,55,26,Partly Cloudy
Eskişehir,2025-05-25,22,44,30,Sunny
Eskişehir,2025-05-26,23,41,32,Partly Cloudy
Eskişehir,2025-05-27,21,47,29,Cloudy
Eskişehir,2025-05-28,19,53,27,Partly Cloudy
Eskişehir,2025-05-29,23,42,31,Sunny
Eskişehir,2025-05-30,24,39,33,Partly Cloudy
Eskişehir,2025-05-31,22,45,30,Cloudy